start,return,max_dd,sharpe,sortino,calmar,composite,turnover_per_day,trades,days_with_trades,avg_gross
2023-03-01 00:00:00+00:00,-0.05156426295526573,0.06652229625320849,-7.488446464204721,-8.045345810019075,-11.251645654306628,-8.840165959561034,0.4045007655653765,180,14,0.765017617708299
2023-03-03 00:00:00+00:00,-0.042705620934372246,0.05846033132786976,-6.1912957296058,-7.014258203858868,-11.623249846045326,-8.150066954238884,0.39630066515720136,181,14,0.7600154897274767
2023-03-05 00:00:00+00:00,-0.020435336619666233,0.048106580254789866,-2.6661438408272886,-3.4662783036548834,-8.652844709791054,-4.782207886647456,0.38790923386398657,181,14,0.7745975129816629
2023-03-07 00:00:00+00:00,-0.002705230127901581,0.03759336757576526,-0.2994118978670668,-0.41802168363793135,-1.8138450616001436,-0.8011857612953356,0.3908100277553193,177,14,0.7933550203953106
2023-03-09 00:00:00+00:00,-0.02890924380952986,0.037391872426877915,-3.173022811763757,-3.8123017083463426,-14.296682095342241,-6.765832155470337,0.3893982787826554,183,14,0.8286947678751218
2023-03-11 00:00:00+00:00,-0.013771796045010887,0.03556555347919299,-1.4075045868682083,-1.7725585375738695,-8.530761423725824,-3.6905032182077573,0.40512091994169946,198,14,0.8566529607219302
2023-03-13 00:00:00+00:00,0.003966190045619822,0.03793080757191125,0.5982227475617045,0.7730039668872759,2.86608239466741,1.3484931294236446,0.41145508998866626,194,14,0.9063400688250779
2023-03-15 00:00:00+00:00,0.012893618567660248,0.041874730671123794,1.575991297849095,2.1959278747695765,9.469960619769997,4.192156725193558,0.4301957166181135,201,14,0.9180675777301845
2023-03-17 00:00:00+00:00,0.011967115391585903,0.04082959083836035,1.619334621616041,2.0925717206158545,8.905954766443527,3.9946155046642122,0.4380840737740635,204,14,0.9240045426750062
2023-03-19 00:00:00+00:00,-0.004158916591688211,0.0422649495431463,-0.3957675363255427,-0.5049398301032332,-2.4360647735997727,-1.051525625018888,0.4272156213936124,204,14,0.9326791784995743
2023-03-21 00:00:00+00:00,-0.016077897116415607,0.042810579687385886,-1.8880916993882328,-2.3498084005460234,-8.050491098058686,-3.921498199452485,0.42516320464621865,200,14,0.9410343661880725
2023-03-23 00:00:00+00:00,0.004321392388501266,0.028970013365375302,0.7623806542417306,1.1522881398187481,4.107182313441545,1.9217841462324818,0.4139759833913813,200,14,0.9410590918750505
2023-03-25 00:00:00+00:00,-0.00042172593260358937,0.037536832703186085,-0.013814751379421933,-0.021404960849372028,-0.29136894104578853,-0.10011709206731195,0.39828923158116797,185,14,0.9441027135034322
2023-03-27 00:00:00+00:00,0.0005921035332769886,0.0386425747486161,0.17040987415695832,0.2669499770812068,0.402460534975522,0.2786411135722269,0.3872451366975444,180,14,0.9421549199211865
2023-03-29 00:00:00+00:00,-0.004554565964319024,0.03955655978666095,-0.8382617406768406,-1.2634755318100606,-2.8365905543216416,-1.6078459012235689,0.3745690303182799,172,14,0.9395612514134303
2023-03-31 00:00:00+00:00,0.01161895455957418,0.039212682829028345,2.03059007454251,3.4877782796426464,8.96260438515386,4.693069649765969,0.3829018376511578,177,14,0.938009943131802
2023-04-02 00:00:00+00:00,0.015230999190339878,0.027199956327619734,3.267310243365117,6.851488355062776,17.75918810963147,9.048544847924086,0.3618370462216046,170,14,0.9360000413948338
2023-04-04 00:00:00+00:00,0.024528463100226494,0.0264519323566883,4.569032901589001,8.543521335923652,33.303674391386465,14.7792207222621,0.35274210946307344,162,14,0.9346105221434354
2023-04-06 00:00:00+00:00,-0.012507167804272634,0.059440655549978794,-0.8555435680162635,-0.9787987686944736,-4.706122194108378,-2.0600192361151817,0.3419857507550361,154,14,0.9319791160536178
2023-04-08 00:00:00+00:00,-0.04383678972381111,0.09567875847520402,-3.170211602171264,-3.520226455450226,-7.20356099860603,-4.5202223624132785,0.39269824198951503,179,14,0.9270543499689785
2023-04-10 00:00:00+00:00,-0.043873976700832706,0.09568441012929696,-3.168586397689704,-3.516923461262221,-7.20642716102406,-4.519273452119018,0.4388088242012884,193,14,0.90873140422354
2023-04-12 00:00:00+00:00,-0.04557428740192482,0.09670287948347267,-3.3018150028914746,-3.5950201788237783,-7.2761052443177245,-4.611384145692271,0.41324322752049697,185,14,0.8966713593217716
2023-04-14 00:00:00+00:00,-0.07211870797775832,0.09482378058977792,-5.884726375841426,-6.04944361176,-9.047698977748846,-6.899505050781082,0.39642327488788226,173,14,0.8872239693941365
2023-04-16 00:00:00+00:00,-0.07482584977783102,0.09225510242242907,-6.608223154729931,-6.689690039358043,-9.412562216858781,-7.4821116272198305,0.4402734791824353,190,14,0.8876529713852028
2023-04-18 00:00:00+00:00,-0.07250232538672119,0.09252154167493754,-6.624474980309236,-6.62227359571376,-9.289300273376123,-7.423042014391111,0.45173019035533424,196,14,0.8873549836601524
2023-04-20 00:00:00+00:00,-0.03768608632906223,0.04521125294396067,-5.929390595406766,-6.013439975519961,-13.993867641128192,-8.38235346116847,0.47099858313617277,199,14,0.8664857527759351
2023-04-22 00:00:00+00:00,0.015187139250780524,0.01595263128004132,5.27574262221337,9.094795425673741,30.175563212679222,14.273309920737274,0.42128828730531315,173,14,0.8590453793790177
2023-04-24 00:00:00+00:00,0.0095774438439169,0.01595005057771881,3.359416513872787,5.466041944079426,17.687278744946347,8.50042535527751,0.4069515451566222,172,14,0.8748909075809796
2023-04-26 00:00:00+00:00,0.006646463531043256,0.016552587924208773,1.970256982309212,3.2957226062792966,11.389201849170902,5.3261266919557535,0.3671501417757398,167,14,0.8772916606504441
2023-04-28 00:00:00+00:00,0.007994662358909777,0.01181838665570556,2.323221535874698,3.8335543916016226,19.522554924650628,8.087154694798247,0.3513527656994908,151,14,0.8662294840325461
2023-04-30 00:00:00+00:00,0.020676864221584434,0.008178806548847839,7.177077442155171,19.445477919518247,50.0,24.93131440045385,0.3123315741129517,135,14,0.8425800793883899
2023-05-02 00:00:00+00:00,0.018124949070260632,0.008346927580699659,5.886985402028861,16.146675955305433,50.0,23.22476600273083,0.29981763431398994,134,14,0.8202779018456182
2023-05-04 00:00:00+00:00,0.024349730035590378,0.007543814057217824,7.910943581177835,25.032122237688895,50.0,27.38613196942891,0.3104351319261501,145,14,0.8362902819080664
2023-05-06 00:00:00+00:00,0.009664902863397495,0.008227839625562616,3.314013586879922,5.902867808882381,34.63993796839558,13.747332590135603,0.29144815188147893,136,14,0.8473521491784405
2023-05-08 00:00:00+00:00,0.030661996509857348,0.008130172751606102,8.154969606885352,20.619322221094126,50.0,25.694219770503256,0.2820509326907161,128,14,0.8520902522010152
2023-05-10 00:00:00+00:00,0.033081364193431995,0.00821645271453264,9.145019566639244,19.28329726994964,50.0,25.45682477797163,0.27364906457003696,130,14,0.8667413432489715
2023-05-12 00:00:00+00:00,0.02340107173738959,0.016421666948697955,5.56957959576596,8.877243571767924,50.0,20.22177130743696,0.2884636531924937,137,14,0.8814107726176637
2023-05-14 00:00:00+00:00,0.013519248799565897,0.01902956848733739,3.0655338773660086,4.712461774012615,22.029734630561457,9.413565261983285,0.3137017340828039,148,14,0.8962395559515277
2023-05-16 00:00:00+00:00,0.01759548646618292,0.01986344481053548,4.162807405932364,6.4570041117694865,28.986910511411004,12.527717019910805,0.3306970169724553,156,14,0.9193981611714628
2023-05-18 00:00:00+00:00,0.007912241322959979,0.02028525589510599,1.5549548723403266,2.3186428217073582,11.244824435541222,4.767390921047408,0.34057342538500474,158,14,0.9259788222492806
2023-05-20 00:00:00+00:00,0.0339115773698182,0.02332110614993166,4.596704216800788,9.639347617865752,50.0,20.234750312186538,0.3606847009628536,160,14,0.9269603081787521
2023-05-22 00:00:00+00:00,0.014105284376129346,0.024056873244071353,2.004469965700621,4.052050701299263,18.32186582091137,7.718721016503302,0.3658929174208093,166,14,0.9269603081787523
2023-05-24 00:00:00+00:00,-0.02609072989730865,0.049138492957086055,-2.3867168976463717,-3.0140516587475616,-10.135628471146042,-4.962324274136749,0.40004266921635084,182,14,0.926264505395414
2023-05-26 00:00:00+00:00,-0.021792874175074695,0.04908214778805697,-2.0276734474480502,-2.6010339732788217,-8.90319077866409,-4.3196728571451715,0.42052989430585225,194,14,0.9357655792497157
2023-05-28 00:00:00+00:00,-0.01842655814454719,0.05315918289882937,-1.787402309394211,-2.3416908556624283,-7.227985640058778,-3.641292727100868,0.42502126477758223,186,14,0.9393730969234275
2023-05-30 00:00:00+00:00,-0.02776608427421534,0.05465458940836787,-2.682171032535181,-3.422436814973692,-9.515809773526723,-5.028368967808047,0.4201780954487805,188,14,0.919963857295088
2023-06-01 00:00:00+00:00,-0.041696353835493194,0.0689064138586929,-4.2670270973757,-5.216077102564818,-9.731634653890612,-6.28602936640582,0.38141782505770283,169,14,0.9013152798147379
2023-06-03 00:00:00+00:00,-0.07254518008423261,0.07777790831382092,-10.291149365034647,-9.582605483832467,-11.05236178195905,-10.236095537631096,0.3735543629645752,168,14,0.8578955911359866
2023-06-05 00:00:00+00:00,-0.0795583783385082,0.08558230205507222,-10.962398770929285,-10.0258036940857,-10.338963280933886,-10.400730093193232,0.37623553764896644,169,14,0.8229704556549403
2023-06-07 00:00:00+00:00,-0.05456232119892024,0.06621524163127013,-11.456953464139959,-10.701606722944216,-11.604768186885092,-11.199159184485202,0.34618965293318216,146,14,0.7884258207583049
2023-06-09 00:00:00+00:00,-0.05254694208155497,0.06391327039681582,-10.449433847226302,-10.075198097908784,-11.815885611817468,-10.709675076876644,0.32062911705323527,138,14,0.7759770478201685
2023-06-11 00:00:00+00:00,-0.048655694899775725,0.06034712007008669,-9.241695251251713,-9.3111275604721,-12.056639165063885,-10.11395134908352,0.3053792614727019,137,14,0.7800200619623103
2023-06-13 00:00:00+00:00,-0.06222466295113849,0.08041903193260524,-11.639853767387049,-10.804998714846858,-10.105611567406081,-10.845639086376682,0.3167952953133761,143,14,0.7953307546432068
2023-06-15 00:00:00+00:00,-0.06597393842151722,0.06698948730149401,-8.857776210889373,-8.695495082847195,-12.408820858322702,-9.858177153902501,0.31902726892483446,146,14,0.8137343025431278
2023-06-17 00:00:00+00:00,-0.01494882108017248,0.05505625183692853,-1.2401545034011285,-1.8351036372836689,-5.898601613376551,-2.8756682899467716,0.3238541434845882,156,14,0.8550843210006572
2023-06-19 00:00:00+00:00,-0.004501386351887793,0.05586050578381074,-0.2776766291328185,-0.42162616408077197,-1.9865270331639617,-0.8479115643213428,0.3363387010714353,161,14,0.8886177038868769
2023-06-21 00:00:00+00:00,-0.0049207613321108346,0.053142271463997304,-0.32648125728311705,-0.49597562198667966,-2.2709111339262837,-0.9776079661574921,0.3500010411830669,168,14,0.9209862763792438
2023-06-23 00:00:00+00:00,-0.02895765583728327,0.05568100654409691,-2.404252397637285,-3.410097688530527,-9.61161258075113,-4.968798568928735,0.3445381464753318,161,14,0.9308163513839166
2023-06-25 00:00:00+00:00,-0.017795585579395423,0.04868410229795439,-1.3992830612149052,-2.0534561983713475,-7.678697439824783,-3.5447766296604453,0.3490986274113288,173,14,0.9334844327083602
2023-06-27 00:00:00+00:00,-0.019923886209966768,0.04359114990619117,-1.619925825177507,-2.3730534691720453,-9.36567200114986,-4.244900735567029,0.3533557350120543,168,14,0.9383436725600983
2023-06-29 00:00:00+00:00,0.0013102148013510728,0.04315765763824697,0.2458523520385237,0.4349875774275513,0.80463498601269,0.48914123238638463,0.36182141635372184,169,14,0.9393555251843153
2023-07-01 00:00:00+00:00,-0.021248458720360075,0.04545779868363797,-2.296289014256117,-3.3564030840938637,-9.432071855776574,-4.861069494647353,0.3849964359530524,178,14,0.9328637719968146
2023-07-03 00:00:00+00:00,-0.023719528902682363,0.045457817804350764,-2.8170713675869767,-4.146827947338597,-10.233566192873111,-5.573922447073465,0.3826175082234457,181,14,0.9201652911414447
2023-07-05 00:00:00+00:00,-0.0275323349858686,0.054619196158350536,-3.1865041860513648,-4.591228420782056,-9.46673331287164,-5.632462617989724,0.39994416640312797,192,14,0.9136670404375629
2023-07-07 00:00:00+00:00,0.007496366551339673,0.05518879265327348,1.0235998660169376,1.8808172505580525,3.8950140145736873,2.2279110644004083,0.4173710804265977,195,14,0.9125012999078731
2023-07-09 00:00:00+00:00,-0.020958237520810497,0.05331548644258666,-2.4708812600013026,-3.802761015030779,-7.958825751055931,-4.6500165093294825,0.42487067848160287,196,14,0.9048912494465934
2023-07-11 00:00:00+00:00,-0.02205318281127544,0.06279875689713155,-2.4689680568804206,-3.618520988054266,-7.020533827102892,-4.2942589604167,0.4022766170154956,187,14,0.8983207631089696
2023-07-13 00:00:00+00:00,-0.01631425330944558,0.06586780458449171,-1.8346956253587645,-2.6433052784115882,-5.294517270060792,-3.196085979990502,0.4242916571813731,200,14,0.8930226931811328
2023-07-15 00:00:00+00:00,-0.018525064597015417,0.05614757857434982,-2.4747889750353145,-3.425965302239603,-6.871941683512814,-4.17440531846028,0.37983296395551147,184,14,0.8985515245093888
2023-07-17 00:00:00+00:00,-0.00985176346776162,0.05623511612764576,-1.249520275877266,-1.7300360662932786,-4.045512965433652,-2.280524398910587,0.39737743595211555,191,14,0.9096552024468934
2023-07-19 00:00:00+00:00,0.0033021695767803116,0.05974881934757259,0.5556743878905341,0.7715358647041857,1.5021606284844453,0.925964850794168,0.36635010153072806,174,14,0.9181985771131526
2023-07-21 00:00:00+00:00,-0.04252765721365459,0.04784155683146707,-5.746537782260232,-6.085339591732167,-14.170567762988409,-8.40926750026746,0.3897727831385148,178,14,0.9145055811905859
2023-07-23 00:00:00+00:00,-0.02556847484563507,0.040733382281801234,-3.314835764651121,-3.67631543850604,-12.053615065820564,-6.081061424543922,0.4193471804597483,187,14,0.9123429270139984
2023-07-25 00:00:00+00:00,-0.01622862761813959,0.045878377817370586,-2.384615973429863,-2.7461948407917904,-7.569113230012999,-4.084596697349575,0.4576693007686448,196,14,0.9160849710094493
2023-07-27 00:00:00+00:00,-0.0326853767081714,0.04870324512184676,-4.955990976546655,-5.457653589582416,-11.899292688232864,-7.239646535266822,0.5137309999497057,215,14,0.9199598520893411
2023-07-29 00:00:00+00:00,-0.04661397072857221,0.05652128595374073,-7.835128470365914,-7.824668647554793,-12.595673657718736,-9.259108097447312,0.5215913667166895,222,14,0.9232211663519717
2023-07-31 00:00:00+00:00,-0.040955996570010034,0.05727363391556328,-5.790442772815201,-6.360447922883567,-11.591233057741603,-7.758681918320468,0.5184779163141195,221,14,0.9256054323319978
2023-08-02 00:00:00+00:00,-0.03430671242070271,0.05754577280813322,-3.7517019055693033,-5.269824135642318,-10.38351029912989,-6.348493315666685,0.5663396416612568,244,14,0.9249806901778646
2023-08-04 00:00:00+00:00,-0.013269626025796177,0.04164632343914687,-1.6957703977519083,-3.2435514172309157,-7.061717173022473,-3.9246668381246805,0.5443524629334056,240,14,0.9115263660063032
2023-08-06 00:00:00+00:00,0.0010874196468912967,0.04164602930836048,0.22398708544433277,0.4599631501985399,0.6901123750277499,0.45821509822104073,0.5295976585529826,235,14,0.8952492653468476
2023-08-08 00:00:00+00:00,0.0025168358698686166,0.043359548327739916,0.3925849379222071,0.7880888938438448,1.562059229402269,0.9016288077348809,0.4570741413408622,208,14,0.8742088907420215
2023-08-10 00:00:00+00:00,0.0013298248287814118,0.04164412136687512,0.25248794782390405,0.4928027793704668,0.8465688115880011,0.5268381395717583,0.4151143946220023,188,14,0.8412525033034844
2023-08-12 00:00:00+00:00,-0.001238623376700998,0.04796621251439559,-0.05420194242203921,-0.10504897865490681,-0.6628878470816153,-0.25714652831305906,0.44247407478861744,195,14,0.8306481213843759
2023-08-14 00:00:00+00:00,-0.02312409845566532,0.055778727830282704,-3.44027072439251,-4.959541522069088,-8.186389451407392,-5.471814661567606,0.42038601611623866,184,14,0.8099213326951739
2023-08-16 00:00:00+00:00,-0.04902331039897578,0.05853758777626472,-8.783142860339801,-9.977424844762735,-12.4759948315632,-10.368711245475994,0.3694410110288611,165,14,0.769225284313857
2023-08-18 00:00:00+00:00,-0.023486597178969282,0.05935783716977794,-3.8418503702200995,-5.102819509861862,-7.78092563604547,-5.527960605824416,0.38709023170806184,167,14,0.7535243726655678
2023-08-20 00:00:00+00:00,-0.024534502954419057,0.05292338647241557,-4.182581480764228,-5.475283527350842,-9.007623816318198,-6.147175000065065,0.3709069031800919,159,14,0.7693019016417496
2023-08-22 00:00:00+00:00,-0.006857362322216343,0.052380922066818325,-1.004134915013819,-1.4356766465190145,-3.1352253747614274,-1.8160787455401797,0.4097915096931345,178,14,0.7815010899870328
2023-08-24 00:00:00+00:00,-0.013523978132082393,0.038645321091243856,-1.7766781589440652,-2.329324054910427,-7.732457368192582,-3.784470280105165,0.3924375406732054,173,14,0.8094447326925714
2023-08-26 00:00:00+00:00,-0.010076838117414999,0.027914693409526792,-1.3613409431442216,-1.829939167392675,-8.313364335656408,-3.6343872505972588,0.39851953316324035,175,14,0.8114285326536544
2023-08-28 00:00:00+00:00,0.004869884857504836,0.03269256259221731,0.7758319652127089,1.0872439345681448,4.130214607707566,1.9067115457033403,0.4109368127486911,190,14,0.8303599479214947
2023-08-30 00:00:00+00:00,0.013835955622598428,0.03442043497046243,2.126722784323838,3.039488708026832,12.51651543334518,5.6087669485114375,0.3881716613881326,177,14,0.8666713395961154
2023-09-01 00:00:00+00:00,0.0031024618881323462,0.035834346614973867,0.5358024263105471,0.7401615625566784,2.3472204892898905,1.1609714997028027,0.3655637893570011,169,14,0.8791296753839348
2023-09-03 00:00:00+00:00,-0.027405768814554587,0.04076135716249529,-4.842695707777472,-5.446231241287779,-12.64491758044973,-7.4247764829832725,0.38213869347724455,179,14,0.8710900568662638
2023-09-05 00:00:00+00:00,-0.035458981909413434,0.047011348830594546,-6.50914402671442,-6.973921319040876,-12.97265426923759,-8.634108016401953,0.3721414630332675,178,14,0.8810605516365371
2023-09-07 00:00:00+00:00,-0.00570976521874722,0.03580818725453461,-1.315209785597162,-1.8748970281056885,-3.872837129633593,-2.306372885811502,0.3639364893044041,167,14,0.8876372580074614
2023-09-09 00:00:00+00:00,0.011034659718625273,0.03382665055762013,2.2469134854763597,3.5462326336343915,9.792389506312803,5.030283950990505,0.3444173562714683,157,14,0.8974275395610208
2023-09-11 00:00:00+00:00,0.010019732438239837,0.03352146133225076,2.05290728810964,3.2629173506809463,8.855151290242029,4.577584513777879,0.34130801776886344,156,14,0.8998252025150483
2023-09-13 00:00:00+00:00,0.01774907319803476,0.022396971735856863,3.0058589221609995,5.406935949340992,25.985312848901664,10.860125911055196,0.3392640430245533,163,14,0.9056613426011075
2023-09-15 00:00:00+00:00,0.03878372257432705,0.022348864413679004,5.816285513390644,11.437520526497607,50.0,21.319893864616237,0.33486752936388214,165,14,0.9298356770188586
2023-09-17 00:00:00+00:00,0.06763043308940753,0.016171391825056336,11.035194194938905,23.5094479668088,50.0,27.714337445205192,0.30827487022320593,150,14,0.9478161391086214
2023-09-19 00:00:00+00:00,0.04366682290859902,0.03661231268860243,4.499865548403872,6.334344075013289,50.0,18.883697294526478,0.2989432158146949,148,14,0.9463938279254078
2023-09-21 00:00:00+00:00,0.028910744837062685,0.05293372708256483,2.9075120485336665,4.07236707929947,20.825039247825732,8.748712220627608,0.30976361379109557,152,14,0.9446944532534706
2023-09-23 00:00:00+00:00,0.03288193297318087,0.052593371879588346,3.343660533879854,4.842044558563109,25.18294444825285,10.494799318065056,0.31949804073701926,149,14,0.9429140553616577
2023-09-25 00:00:00+00:00,0.008654007173340084,0.04953891631456708,1.0066426742167258,1.392363362291168,5.08461980005841,2.384324087199008,0.3251514273557807,152,14,0.9425745231468767
2023-09-27 00:00:00+00:00,-0.00615044182989688,0.06350170421257062,-0.5104451903468328,-0.6756158605989404,-2.3397289778805748,-1.1252985947077985,0.3392609543763045,149,14,0.9419121062505585
2023-09-29 00:00:00+00:00,-0.05550515656942556,0.0877934594524884,-5.83707437820592,-6.574168190986726,-8.820236247314144,-7.02686046405071,0.35855626251763917,160,14,0.9394311093116964
2023-10-01 00:00:00+00:00,-0.06165749684537558,0.08505182466267469,-6.948292934662109,-7.426891278432107,-9.5201648649439,-7.911293851254646,0.38967725582016594,183,14,0.9201960134403186
2023-10-03 00:00:00+00:00,-0.04462849847282302,0.06145865691390873,-6.920379994060815,-7.669404503528885,-11.322527469221493,-8.540634040396245,0.4070843993942591,182,14,0.899051464384373
2023-10-05 00:00:00+00:00,-0.04473196244625066,0.05809384440413068,-7.024537265934621,-7.602234870987407,-11.993092901110234,-8.74618299850842,0.42733423304246826,187,14,0.9007508390563098
2023-10-07 00:00:00+00:00,-0.014807214473502972,0.05860478456802587,-1.6514149290295075,-2.376268806062417,-5.498178556686453,-3.095385568139755,0.4294486962681399,186,14,0.902531236948123
2023-10-09 00:00:00+00:00,0.03465457126009608,0.0397403696469012,4.04228913728186,7.157882507126489,36.00192906473231,14.876418463454845,0.4160280356585928,182,14,0.9022336919912044
2023-10-11 00:00:00+00:00,0.07601156267056375,0.023967267954651428,7.813049799663825,17.316659587138467,50.0,24.270578774754533,0.40254430940777325,167,14,0.9010999243516696
2023-10-13 00:00:00+00:00,0.1000955516463935,0.022597481909369166,10.07287173972972,29.37312769955425,50.0,29.77111260174062,0.3679963161424409,150,14,0.8822839293650802
2023-10-15 00:00:00+00:00,0.11281616214415169,0.02370441075863583,11.465308703365674,34.94678125461259,50.0,32.41830511285474,0.3706491741960233,153,14,0.8888978342110286
2023-10-17 00:00:00+00:00,0.13417730769245284,0.02370332439868117,14.04454504578348,41.73533129015031,50.0,35.90749602979517,0.31209880693763564,131,14,0.9106749033389265
2023-10-19 00:00:00+00:00,0.1543013547365466,0.022999082914925473,17.566609159571225,50.0,50.0,40.26998274787137,0.3073246925324119,131,14,0.8942247638441865
2023-10-21 00:00:00+00:00,0.09130457228170874,0.03820530109334108,9.395231496338013,20.967416230137612,50.0,26.205535940956448,0.3242571253611552,137,14,0.8666331476808308
2023-10-23 00:00:00+00:00,0.11629653964825382,0.040750225081902736,10.850692883265035,24.16685312643614,50.0,27.921949115553968,0.2935961924045323,130,14,0.8405328490299622
2023-10-25 00:00:00+00:00,0.07376488040101226,0.0405277340719008,7.122638018827796,12.268766711870766,50.0,22.044298090396644,0.30258567630609906,137,14,0.8103448727153684
2023-10-27 00:00:00+00:00,0.07642001167877899,0.040508577544250746,7.610412067710768,13.055588208131887,50.0,22.505358903565984,0.3013036660603829,135,14,0.8036205712705938
2023-10-29 00:00:00+00:00,0.09083691234363234,0.0440214439602834,7.569034192239978,13.58381442900861,50.0,22.70423602927544,0.34767058101180826,153,14,0.7892132254014101
2023-10-31 00:00:00+00:00,0.03744737384668717,0.0510361339088502,2.6810096686766687,3.7929040656481954,31.501301662460815,11.771855025600523,0.3592050199597963,164,14,0.7624810498977249
2023-11-02 00:00:00+00:00,0.08482836547351824,0.04991256518340037,4.9150159116383545,8.148902667420215,50.0,19.734065840459593,0.3714033959843639,169,14,0.7488556260008244
2023-11-04 00:00:00+00:00,0.07663642740348853,0.05952059446417879,4.4119586975284335,7.3433674297084135,50.0,19.260934581141896,0.3719465236277238,167,14,0.7541105442382845
2023-11-06 00:00:00+00:00,0.03384894234166613,0.0643416788168496,2.154458837683586,3.4042322595617955,21.476962797471522,8.45111939437125,0.3845822915892879,180,14,0.7641010295459842
2023-11-08 00:00:00+00:00,0.00047170961362175134,0.08476194007540971,0.2281861687388917,0.32466783792642295,0.14595160366138377,0.24210846689065182,0.3854284191516064,179,14,0.7841229758895684
2023-11-10 00:00:00+00:00,0.01160682175058314,0.08769000606617994,0.7991712091299333,1.2045284941536645,4.003024549585438,1.9224701252760772,0.36440604479244515,169,14,0.7991824529577042
2023-11-12 00:00:00+00:00,0.0076252029130821075,0.08910586699954448,0.6068472567560153,0.9055723499734156,2.4579554011033857,1.2816697373471864,0.3273119062256206,157,14,0.811410296689391
2023-11-14 00:00:00+00:00,0.027875624575774527,0.08758496281288164,1.8021057270796803,3.1036327451179333,11.964323202789958,5.3713817770080645,0.31839220379179733,149,14,0.8343703971734364
2023-11-16 00:00:00+00:00,-0.025162818308682056,0.08605867437092374,-1.5762012282859257,-2.2668089097297095,-5.640697572486996,-3.07179320412376,0.32070713699499315,156,14,0.857837921598005
2023-11-18 00:00:00+00:00,0.013115260657682981,0.0603258256971716,1.1385346734325346,1.7355010437894578,6.705937699155192,3.047542129292101,0.3339092236593051,161,14,0.8786404273289582
2023-11-20 00:00:00+00:00,0.026576028010464547,0.05959539328940644,2.0885493921959513,3.3731484241100214,16.468525600704016,6.916381867513999,0.3328411705419469,160,14,0.8935222260077543
2023-11-22 00:00:00+00:00,0.09070259618432441,0.032708247198885765,9.860926456951868,27.48576431000632,50.0,28.95258366108809,0.3807114446032069,171,14,0.9018155245997022
2023-11-24 00:00:00+00:00,0.05939986010975273,0.034033558118595764,6.701690775466656,13.859290656197745,50.0,22.554223495119096,0.41598099684432416,191,14,0.912290757787669
2023-11-26 00:00:00+00:00,0.08939193796909684,0.025395296445340887,8.280759283416321,23.572025565855657,50.0,26.91303801136716,0.42082102770098767,198,14,0.9263472521241146
2023-11-28 00:00:00+00:00,0.08271132271903481,0.04967179068675576,6.02219435025475,10.291826976309308,50.0,20.92338909560015,0.38271756133351326,174,14,0.9287177734565414
2023-11-30 00:00:00+00:00,0.07328054068235601,0.06738040351932273,5.549821021674907,9.403359547950343,50.0,20.42629012568261,0.41025459451808693,188,14,0.9231781460843432
2023-12-02 00:00:00+00:00,0.036374282256918855,0.06927504211037205,2.7589464360357687,4.4735939586733355,22.205493749114417,9.278769639014389,0.3961763696221677,179,14,0.9131273211734577
2023-12-04 00:00:00+00:00,0.02318603740293468,0.06606071248101486,1.8299197210222597,2.979276974512818,12.378550375722996,5.454251818828704,0.39628115715882256,183,14,0.9032847972258387
2023-12-06 00:00:00+00:00,-0.001301646683188995,0.07598638635455857,0.05334732586790877,0.07896069931069366,-0.439391811667612,-0.08422906601563351,0.3499579845836879,164,14,0.8898772630217634
2023-12-08 00:00:00+00:00,0.045498474332076544,0.0734071102896775,3.7798926212061086,6.1710178991040525,29.833426989461042,12.552403042841767,0.34278195132022643,156,14,0.8766749536532894
2023-12-10 00:00:00+00:00,0.008189815377482645,0.06854741621798388,0.8459775430200971,1.2882185733341032,3.4567658440110622,1.806110445442989,0.3587286023767865,168,14,0.8627888036545628
2023-12-12 00:00:00+00:00,0.037978806603107484,0.0554375983750367,3.6705603629322403,6.7966696389194885,29.632513025964062,12.709589872236688,0.3776039054637247,180,14,0.8543373992016172
2023-12-14 00:00:00+00:00,0.03421578939491532,0.048382583592634365,3.068871414981609,5.2504865879603635,29.018643931595122,11.726449239157164,0.3495799711912827,168,14,0.8454696579139147
2023-12-16 00:00:00+00:00,0.05023918660242366,0.045986635727022884,4.401311896184755,7.741907149702246,50.0,19.417156428736327,0.347478372865431,163,14,0.8312296713591147
2023-12-18 00:00:00+00:00,0.06163722601863619,0.03905757029187107,5.622494125875901,10.229635064446674,50.0,20.77860226354144,0.34856695583928604,160,14,0.8213061809423443
2023-12-20 00:00:00+00:00,0.08043684227737313,0.04002590734867173,6.844346770277916,13.244339507567519,50.0,22.35103983411038,0.3424454567237749,156,14,0.8273781204095582
2023-12-22 00:00:00+00:00,0.04493854879449799,0.03979707542668909,3.8984725998527456,6.985930670104633,50.0,18.963914047997676,0.3379679899625743,158,14,0.8262705172957096
2023-12-24 00:00:00+00:00,0.009657577223553426,0.0619223313744377,0.9798198207378761,1.5494625072476582,4.598806198758153,2.293372808747872,0.3483936356863541,162,14,0.8226630494654434
2023-12-26 00:00:00+00:00,-0.013746740602004315,0.07278526300704014,-1.2016908414565934,-1.7248076304858293,-4.162102297736593,-2.2990609939522875,0.37452752585705074,181,14,0.8213612199841038
2023-12-28 00:00:00+00:00,0.00018108562143481777,0.06917615417588541,0.11738369525066357,0.1786897769401916,0.06840353734550311,0.12721208055492667,0.38564699301438476,186,14,0.8350158688889338
2023-12-30 00:00:00+00:00,-0.002765158078146368,0.07081605745264585,-0.23322946945834303,-0.36707722347237637,-0.9834953491390681,-0.5118483349681738,0.41218200202417693,199,14,0.846324708970932
2024-01-01 00:00:00+00:00,0.0016753812636653986,0.06285145425332306,0.30862855223767105,0.44770251315720433,0.7097592027557825,0.4845973317609178,0.41563253688359897,196,14,0.8496664519564044
2024-01-03 00:00:00+00:00,-0.0033621996299623147,0.0589472991469413,-0.41217560480612925,-0.5573583228415575,-1.4260291783480803,-0.7744047640828859,0.4316940334057878,206,14,0.8474883137457061
2024-01-05 00:00:00+00:00,-0.00878525891094517,0.039576678952936484,-1.0945887280704971,-1.4648955763701261,-5.192732808889995,-2.472154691636198,0.40799764206984906,193,14,0.859465031258871
2024-01-07 00:00:00+00:00,0.02444927988286061,0.024358531581365583,3.2990208286394918,5.548271376818993,36.01038557861523,14.012130472904012,0.422786242836178,188,14,0.8775894597196318
2024-01-09 00:00:00+00:00,0.006616724654832318,0.02832239258588598,0.8886546620267156,1.2892076930800624,6.623934962951328,2.769459964725438,0.43078856340014077,190,14,0.8909544969746367
2024-01-11 00:00:00+00:00,-0.0021711119847149796,0.03913331994106073,-0.13957807354590163,-0.21284460911936795,-1.407750136751522,-0.5493363067369743,0.4529879710274809,197,14,0.889912712577085
2024-01-13 00:00:00+00:00,0.012579709036552256,0.04028795934657314,1.4672107512784422,2.342852262168346,9.563944112125004,4.246487363888372,0.4535466670675916,201,14,0.8842335126011207
2024-01-15 00:00:00+00:00,-0.013345425481220308,0.03928257400545099,-1.3980328245118914,-2.0287946098272776,-7.522596849054206,-3.48770674600074,0.45255943154089184,206,14,0.8913999743345021
2024-01-17 00:00:00+00:00,-0.003915066250183785,0.0422929877431486,-0.257521306607574,-0.42682324910792857,-2.2986261890390915,-0.937573548337171,0.4597595504356065,204,14,0.9001742034059568
2024-01-19 00:00:00+00:00,0.04016110910327009,0.03972130765942583,3.8927925003059842,7.52294440048555,45.10169665815766,17.70752450773331,0.4693364256196647,213,14,0.9029959902189508
2024-01-21 00:00:00+00:00,0.02615575226201483,0.03227320094575614,2.7134224931507895,5.245980829547222,29.758665666443072,11.840018779697047,0.47799726469252724,216,14,0.9031866128735841
2024-01-23 00:00:00+00:00,0.06155013112507279,0.020373684340692533,6.652209956076029,14.988161462744769,50.0,22.990927571920714,0.4534532978574724,205,14,0.8991377316550785
2024-01-25 00:00:00+00:00,0.06247944405006156,0.020328751198001926,7.42506493085554,18.49738038370226,50.0,24.626471632737566,0.4098937521121836,191,14,0.9075402747747728
2024-01-27 00:00:00+00:00,0.06368048040582397,0.023794273153390222,6.65924291856589,14.98377173733816,50.0,22.99128157050503,0.405353714638156,185,14,0.927735638329367
2024-01-29 00:00:00+00:00,0.09309809669850355,0.024015447879709106,11.658209213552029,38.706208433001045,50.0,33.979946137266026,0.38523349666688717,171,14,0.9388585398109746
2024-01-31 00:00:00+00:00,0.0772957995215684,0.02424574664182355,10.231766375033825,32.201105849808904,50.0,30.94997225243371,0.34127125067430003,152,14,0.9430167307742646
2024-02-02 00:00:00+00:00,0.06998871729888934,0.024086189816319492,9.264211356000917,25.482499730981903,50.0,27.972263299193038,0.34750699533603935,156,14,0.9400061226837505
2024-02-04 00:00:00+00:00,0.08955403631208525,0.024031290195788757,13.757020129341644,47.0322392930172,50.0,37.94000175600937,0.36219436595075755,161,14,0.9358611182307287
2024-02-06 00:00:00+00:00,0.11768260321872281,0.023863383547393147,10.182124300477396,43.373384869809456,50.0,35.40399123806701,0.37128904282599073,159,14,0.9323348974907821
2024-02-08 00:00:00+00:00,0.11826307737578023,0.032430580602229364,10.190465618885817,41.78072437728436,50.0,34.769429436579486,0.3634218150256758,154,14,0.9219483135096569
2024-02-10 00:00:00+00:00,0.11081516322362939,0.03213072530518224,9.817104365499494,46.43793270617109,50.0,36.520304392118284,0.3620796919611874,163,14,0.9151250468008559
2024-02-12 00:00:00+00:00,0.10995616098381134,0.03502011220557433,9.783359575800903,45.396465163705244,50.0,36.09359393822237,0.3832540153260374,174,14,0.9111858861798756
2024-02-14 00:00:00+00:00,0.08849926114507234,0.03463879282050042,7.856012457079555,30.320799139470605,50.0,29.485123392912108,0.34507059717866356,157,14,0.9114255021931831
2024-02-16 00:00:00+00:00,0.1246496439399698,0.035013074834204794,8.971603304915002,36.98618401109776,50.0,32.485954595913604,0.30353756791377123,140,14,0.9084263641873265
2024-02-18 00:00:00+00:00,0.15110867579954412,0.03877846316934208,10.060541657060734,45.062782456113496,50.0,36.04327547956362,0.29522680448000377,131,14,0.8954335096956169
2024-02-20 00:00:00+00:00,0.13221109903846595,0.03489780873566095,11.819708905977778,43.40024367457967,50.0,35.9060101416252,0.24052879501937677,107,13,0.89161894212982
2024-02-22 00:00:00+00:00,0.17918339062825228,0.07726541277673082,9.18998876096814,26.12154765671379,50.0,28.205615690975957,0.25578293384257555,108,13,0.8884635370486096
2024-02-24 00:00:00+00:00,0.1693526854359746,0.07628907012570585,8.972041640179938,26.463070573937298,50.0,28.2768407216289,0.24459071680952515,97,14,0.8723224559925743
2024-02-26 00:00:00+00:00,0.15752152339643688,0.07864238459087303,7.851594726042803,22.405896032218887,50.0,26.317836830700397,0.26725041933107274,106,14,0.8569358524829239
2024-02-28 00:00:00+00:00,0.20439122235625806,0.07654338321939491,10.665964119795536,29.721330141587302,50.0,30.088321292573582,0.30588161332009245,124,14,0.840655610883616
2024-03-01 00:00:00+00:00,0.19221408876673762,0.07259424369093725,10.957552053780175,31.819126242436532,50.0,31.014916113108665,0.2830048501440673,117,14,0.8342478078560139
2024-03-03 00:00:00+00:00,0.09348957189666507,0.07280929161384231,4.731510946171081,9.231737214159589,50.0,20.11214816951516,0.2655711995591688,118,14,0.8320196593373356
2024-03-05 00:00:00+00:00,0.06364909025358512,0.06645151465982013,3.2235354582719005,6.043408667967499,50.0,18.38442410466857,0.25581542268310825,117,13,0.8212250234746321
2024-03-07 00:00:00+00:00,0.004075122488112148,0.06199637523993562,0.4384914565398209,0.6186523630761961,1.8041929246894477,0.920266259599259,0.2541810982218867,120,13,0.8097935277568988
2024-03-09 00:00:00+00:00,-0.01991032998477893,0.0777090387277527,-1.1116734314323824,-1.4868285387388676,-5.250959112013817,-2.503521178529407,0.2815818300592789,133,13,0.8082659460278029
2024-03-11 00:00:00+00:00,-0.003135181620257943,0.07790363583107662,-0.03209185826595635,-0.04440382860290636,-1.0090102077830103,-0.3300921512558525,0.2946929284806741,136,14,0.8036446702293037
2024-03-13 00:00:00+00:00,-0.005082023544051961,0.07104491193274409,-0.181567616348952,-0.24139557758469327,-1.7508512246997463,-0.6762838833484868,0.30143666466220675,149,13,0.8018705079160359
2024-03-15 00:00:00+00:00,-0.02346248738982304,0.07317173910006236,-1.5401020792567353,-1.919501902609191,-6.307249448160237,-3.122006219268768,0.31926278548904624,162,14,0.8002526395373648
2024-03-17 00:00:00+00:00,0.00838209336583251,0.05811762681267829,0.8318978601951509,1.2435799655558593,4.183197616832285,2.0019606293305743,0.3516786235316314,167,14,0.8034671757220471
2024-03-19 00:00:00+00:00,0.0001580984458018353,0.03427378339058529,0.126578771761633,0.17651712146436252,0.12050119084582726,0.1447308373679831,0.3481163538803909,166,14,0.8147182757062836
2024-03-21 00:00:00+00:00,-0.01424660013674428,0.051026476970618795,-1.503647503567049,-2.000099839693208,-6.1162790400004985,-3.0860178989475475,0.3541170292997276,170,14,0.8279987057111425
2024-03-23 00:00:00+00:00,0.009122539484780479,0.0521422523696482,1.1437392230592103,1.7812826698324509,5.123218308667612,2.592600327451027,0.3933532616754606,178,14,0.8464779702596944
2024-03-25 00:00:00+00:00,0.01741741198849578,0.05132181178480766,2.138068690297753,3.3898751340884297,11.07923359819868,5.321140740184301,0.39421649792485675,178,14,0.8571014766410967
2024-03-27 00:00:00+00:00,-0.015261959022915939,0.05314568662077335,-1.7244418895864742,-2.4273841799375826,-6.215536962477411,-3.3529473275941983,0.3832849524784696,175,14,0.8661915481386411
2024-03-29 00:00:00+00:00,-0.009192305575318471,0.05090697101343944,-0.8654787974503497,-1.3286619995894242,-4.203226864431994,-2.052076498400473,0.4212501413662791,189,14,0.8735102879330928
2024-03-31 00:00:00+00:00,0.018767740899627627,0.05388291151060698,2.101494585126571,3.3608164300667434,11.576889189282108,5.447841704349301,0.4360140265295372,196,14,0.8716268072830373
2024-04-02 00:00:00+00:00,0.013599819323095952,0.03158407853877765,1.6849531676335798,2.669874748719003,13.366250353014962,5.583310955682164,0.4249408997307689,183,14,0.8437881246800776
2024-04-04 00:00:00+00:00,0.015680867548160782,0.03423543179365551,2.3723719910289818,4.007910266298517,14.612871038160318,6.698737015276197,0.41913034527959986,180,14,0.8054811794552881
2024-04-06 00:00:00+00:00,-0.008481382448973895,0.04328910557879273,-1.183767132324282,-1.8674305685479977,-4.600153597076329,-2.482148446239383,0.3426256179391559,146,14,0.762310493962305
2024-04-08 00:00:00+00:00,-0.028279202242339374,0.054629729629316226,-3.9490561380764206,-5.564497305893748,-9.640222066580364,-6.302582383754535,0.34036899012018756,147,14,0.7415321959620883
2024-04-10 00:00:00+00:00,-0.007619598066843758,0.05438227854034228,-1.0481140082134415,-1.5492069764453682,-3.3244238414378837,-1.9314441454735447,0.34154585649189023,150,14,0.7392101267669638
2024-04-12 00:00:00+00:00,-0.007377834314007625,0.05115635100954963,-1.0903355385434665,-1.5484626754621031,-3.432038955029286,-1.9760974182566668,0.3199456674425972,139,14,0.7340052676200818
2024-04-14 00:00:00+00:00,-0.04762045016482519,0.05127243659377623,-9.000498266485057,-9.296678314804243,-14.037726595722399,-10.630138784583934,0.31533947859639505,144,14,0.7404051100242114
2024-04-16 00:00:00+00:00,-0.0519879463944487,0.060156528350941874,-11.050447643501606,-10.728931602257365,-12.490718247272877,-11.35392240813529,0.35287500977437436,165,14,0.7702728022168953
2024-04-18 00:00:00+00:00,-0.06133106931724819,0.06668039624237387,-11.00868910499343,-10.64054237717627,-12.117113947106466,-11.193957866500476,0.40954398363221456,189,14,0.7954863970062187
2024-04-20 00:00:00+00:00,-0.055709626075917784,0.0657463256563603,-10.363173257962657,-10.263430795356395,-11.797300196682192,-10.753514354536012,0.43763547861276714,203,14,0.810270303637904
2024-04-22 00:00:00+00:00,-0.061468213817925665,0.07561302479316778,-13.884477881948888,-11.977188510402158,-10.695301291641846,-12.164809156238082,0.4572684402248298,214,14,0.8216371348966259
2024-04-24 00:00:00+00:00,-0.07151258276599493,0.07576653323961002,-18.139711351708236,-13.650730647582103,-11.291234072118227,-14.28957588618078,0.45911666109397836,214,14,0.8203896781798952
2024-04-26 00:00:00+00:00,-0.06807473141600784,0.0826982702946154,-14.07483456985704,-12.391089089467856,-10.168063990097043,-12.229305203773368,0.4719012238535361,227,14,0.8191512355203572
2024-04-28 00:00:00+00:00,-0.05596328929116945,0.07399573529236625,-10.80293246501866,-10.413153936412884,-10.503243795684158,-10.557114452775998,0.4459024830724086,216,14,0.8164041765271418
2024-04-30 00:00:00+00:00,-0.04237736424096539,0.062376681411718704,-8.083383754817469,-8.379204631404942,-10.847345888867634,-9.030900745667509,0.3855795805207904,187,14,0.8045995109269801
2024-05-02 00:00:00+00:00,-0.012208524349056948,0.042302842924898276,-2.1562130240495527,-3.178000895337379,-6.47791804093266,-3.8614396776296154,0.35806649258515993,175,14,0.8237062181093121
2024-05-04 00:00:00+00:00,-0.011663460279373705,0.03246756644803139,-1.9286427991730766,-2.6937930781584773,-8.116342031541397,-4.091012680477733,0.4161399009404825,191,14,0.8568080850518689
2024-05-06 00:00:00+00:00,-0.0018532467341882963,0.027691404360678074,-0.26528300525398524,-0.37949054046488434,-1.7048907705902603,-0.7428483489392274,0.40465102190630786,183,14,0.878313432876709
2024-05-08 00:00:00+00:00,0.010585258717438872,0.022607389270670186,1.3218110753606689,2.2375143143265457,13.973399305226838,5.48356883990687,0.4264038629832341,194,14,0.8900818069096426
2024-05-10 00:00:00+00:00,0.008443768588127565,0.029235558371719983,1.130438888772092,1.9195915285606775,8.383671163685683,3.6220696271616033,0.41062703080287244,180,14,0.9010387507287971
2024-05-12 00:00:00+00:00,0.015910675322645673,0.031221372155710303,2.008614469130713,3.555108521721742,16.307839041968574,6.916979462018483,0.40080096291165324,177,14,0.9096484036488177
2024-05-14 00:00:00+00:00,0.028243895090977134,0.03168448504579069,3.342461286243734,6.198070807859068,33.679267785974304,13.585747044809038,0.39778018623822164,185,14,0.9247761500422731
2024-05-16 00:00:00+00:00,0.00261347784050181,0.029834619293437337,0.37697880924711646,0.5905246600017293,2.3602419790235247,1.0573761004818842,0.36758400966861815,165,14,0.922590447553423
2024-05-18 00:00:00+00:00,-0.005193719615215087,0.04017319505939454,-0.46003405319656304,-0.7242373594655653,-3.1600259215620463,-1.375712936213809,0.3440911156023754,158,14,0.9216320440869478
2024-05-20 00:00:00+00:00,-0.022236738337857775,0.05168968614015934,-2.4837428563035617,-3.347057289707274,-8.582184109918323,-4.658601005749475,0.31657966289483236,147,14,0.92286169655133
2024-05-22 00:00:00+00:00,0.017483307887967925,0.04975972079394453,2.019784323535247,3.333415259440065,11.48031411737377,5.383395636048731,0.3025928740473937,146,14,0.9230524845186808
2024-05-24 00:00:00+00:00,0.013335243983547462,0.050166632182825244,1.5921854244769458,2.75103717116349,8.2228773660525,4.04493370562423,0.3068476678140745,143,14,0.9270672629858719
2024-05-26 00:00:00+00:00,-0.01373725120700886,0.045791337697028034,-1.404665869935518,-2.108025852876576,-6.61183635690781,-3.2481610092036286,0.325286371483171,154,14,0.9331768847887447
2024-05-28 00:00:00+00:00,-0.03572676976716593,0.044056196066826425,-3.922281489497782,-5.408440311672285,-13.906695297206406,-7.512069160680171,0.3169057759426101,148,14,0.9391070615126312
2024-05-30 00:00:00+00:00,-0.049654476880247045,0.07172565998466351,-5.538736321979897,-7.019012535968513,-10.246578093471554,-7.5431993390228405,0.3504077053635827,153,14,0.9209518734517163
2024-06-01 00:00:00+00:00,-0.013130033169315158,0.07530363661968653,-1.1495479303172125,-1.7039681183652737,-3.8708133789008268,-2.1876956401115213,0.36756713379083406,159,14,0.8822512115529296
2024-06-03 00:00:00+00:00,-0.012690021202961477,0.07620873995054034,-1.1162160693520373,-1.6901587173393817,-3.7161630231790794,-2.1257772146950877,0.3973980216244559,165,14,0.8486853565008945
2024-06-05 00:00:00+00:00,-0.050920323372116494,0.07230818163817965,-6.795138230452524,-7.755344952012537,-10.289224317792897,-8.227446745278641,0.34849022386012224,152,14,0.8324206343047427
2024-06-07 00:00:00+00:00,-0.055468799788553125,0.07019541772613214,-6.836662067387993,-7.824239750872044,-11.028248296947512,-8.48916900964947,0.3428823023166084,149,14,0.8084282898681242
2024-06-09 00:00:00+00:00,-0.029916644612678844,0.05291263576945715,-4.002523586381161,-5.161944236023354,-10.337894564366527,-6.3669031396336475,0.31781480388547745,128,13,0.7601899393945424
2024-06-11 00:00:00+00:00,-0.02269740127848552,0.04080631991416017,-3.0640566388394035,-3.97025669657488,-11.037615794800386,-5.818604408721889,0.3103870535030685,118,14,0.7153774761565005
2024-06-13 00:00:00+00:00,0.0010558376234048872,0.044138300253227736,0.22813015264298311,0.3467257044982984,0.6319826921208955,0.39672413522848293,0.29864950154432535,122,14,0.7137611474492965
2024-06-15 00:00:00+00:00,-0.04538532240332427,0.05614975123027688,-5.857202599461547,-6.425633549817864,-12.503824992037606,-8.078561697376891,0.3070675060999933,130,14,0.7277320771630181
2024-06-17 00:00:00+00:00,-0.04209744568743712,0.05722023071153537,-4.924897791349563,-5.6570808158867765,-11.781636786648253,-7.274792699754055,0.33224839651467286,135,14,0.7264707502311852
2024-06-19 00:00:00+00:00,-0.014310395282042476,0.05342226678285189,-1.3926824447156585,-1.7776965563871143,-5.86369569184299,-2.8879920635224403,0.3438038553653926,143,14,0.7216985575765221
2024-06-21 00:00:00+00:00,-0.0202589541497471,0.05146592135845951,-2.0498443805724547,-2.5636528958725657,-8.03468010959122,-4.050818505398128,0.35185418199152546,148,14,0.7269999749630529
2024-06-23 00:00:00+00:00,-0.03204407867722636,0.05062322763354188,-3.1740691008271447,-3.913752335590681,-11.303228370652146,-5.908690175680059,0.35753666431231185,155,14,0.7416763790464157
2024-06-25 00:00:00+00:00,-0.029349805501827753,0.04469011183097038,-3.081786774515838,-3.841388621155094,-12.084407339339933,-6.086413682618769,0.3680779991210943,163,14,0.7517975692878464
2024-06-27 00:00:00+00:00,-0.029164942093293678,0.04159394902378988,-3.349699170766867,-4.06495409849346,-12.928905650957242,-6.509563085914617,0.3235362427203374,139,14,0.7450213785472148
2024-06-29 00:00:00+00:00,0.01320229871812284,0.041502850030846306,1.8128193805949997,2.902800989198053,9.823194149208337,4.651924454620222,0.2830633014238277,122,14,0.742339012790436
2024-07-01 00:00:00+00:00,0.015877114874872422,0.04128858932396817,1.7616738785150916,2.88287037506515,12.300102200283266,5.371680973665567,0.24734168864559666,107,14,0.7636730019648633
2024-07-03 00:00:00+00:00,-0.04214258537031801,0.06461982539157596,-3.517072312834297,-4.282536832533492,-10.438717043243892,-5.899751539836854,0.2586893507926001,116,14,0.7815802826959846
2024-07-05 00:00:00+00:00,-0.026998833262574018,0.06762553621941847,-2.232739565444453,-2.8320186611008564,-7.543160342299827,-4.065577436763626,0.25045776560142774,119,14,0.7897569657763492
2024-07-07 00:00:00+00:00,-0.0008809925862964807,0.06713899281571922,0.051871671022096645,0.07147690945438705,-0.33835562058562046,-0.05735442108730232,0.2679486740548109,125,14,0.7847596800598272
2024-07-09 00:00:00+00:00,-0.005361192393269709,0.07116267778689478,-0.294171915968519,-0.3863582269978356,-1.8376504874194313,-0.7940900118155192,0.27002758550369166,125,14,0.8033176164202842
2024-07-11 00:00:00+00:00,-0.027006292510525554,0.08606833208668563,-1.9174288276636005,-2.375996134794273,-5.927943009603191,-3.3040100050977466,0.289006786042417,135,14,0.8244237889643115
2024-07-13 00:00:00+00:00,-0.05890632260667972,0.10684848552421755,-4.487527422909043,-5.216088231757917,-7.436829596561719,-5.663742398544395,0.31188666358880085,148,14,0.8435965759046896
2024-07-15 00:00:00+00:00,-0.05784167274516261,0.07327007012823339,-4.955202278584947,-5.467050857671327,-10.761141062953467,-6.901723345530055,0.3523069709377825,164,14,0.8432371147700286
2024-07-17 00:00:00+00:00,-0.041967119851153645,0.06377253480641898,-4.855041236959493,-5.623372070988103,-10.552978212403513,-6.871754663204143,0.3357034607583311,160,14,0.8469520580307469
2024-07-19 00:00:00+00:00,-0.05801160983293685,0.08885730987541451,-6.219546347632694,-7.392511655740271,-8.884604296011327,-7.488249855389315,0.3310249248557587,163,14,0.8567835641527772
2024-07-21 00:00:00+00:00,-0.07977620931030383,0.09750863240312369,-10.72378427861369,-10.16299592245978,-9.081665308405665,-10.00683324508972,0.3682011791569291,179,14,0.880720176428377
2024-07-23 00:00:00+00:00,-0.09870351649183828,0.09870351649183828,-14.433687373843767,-12.312872912991343,-9.456818255083634,-12.092300853874757,0.37521508248691765,175,14,0.8670172721132333
2024-07-25 00:00:00+00:00,-0.09502132347989423,0.11100161859361324,-14.676148144153029,-12.349115001977287,-8.341809145060594,-11.845033187555002,0.38165332386757145,174,14,0.8460848650829369
2024-07-27 00:00:00+00:00,-0.11190314688788261,0.12144844412160172,-18.293912493501843,-13.512441941347525,-7.860786428135926,-13.25138645303034,0.3688128639877704,172,14,0.8278624412628847
2024-07-29 00:00:00+00:00,-0.10201904585704502,0.11791125120223911,-14.584259991290624,-11.99779287567591,-7.968032129090557,-11.564804786384718,0.35287397196563536,160,13,0.8164112461477684
2024-07-31 00:00:00+00:00,-0.09247875672257655,0.11519745461030229,-11.417661029124668,-10.450824809690227,-7.989197204800629,-10.00238739405368,0.350206198645155,158,14,0.7902077333173946
2024-08-02 00:00:00+00:00,-0.051548259070569924,0.0973642432733921,-5.426856904818576,-5.997157538127094,-7.686339547672414,-6.3328219509981345,0.3492615795023708,153,14,0.772877531092111
2024-08-04 00:00:00+00:00,-0.03261695610463877,0.09019709523159136,-3.2253009595070794,-3.9418524459765143,-6.416593561210775,-4.4693093346059625,0.3133838258912772,141,14,0.7693892438370386
2024-08-06 00:00:00+00:00,0.009374209076729034,0.05435343019022809,1.0609896207879088,1.447858693861898,5.066855191497648,2.417496921230426,0.3021859635713193,142,14,0.7943385455300394
2024-08-08 00:00:00+00:00,0.03126417260970982,0.04919846044951903,2.5164677814964804,3.805442936771772,25.028794491028965,9.785755856466341,0.35796010150297786,166,14,0.8269724228866482
2024-08-10 00:00:00+00:00,0.07966393961116269,0.039575957087166214,7.922306911707752,18.032521835150913,50.0,24.58970080757269,0.38764096574941603,176,14,0.8521192254291867
2024-08-12 00:00:00+00:00,0.06493568354817669,0.038485761179361866,6.493190396612747,15.506395771437397,50.0,23.150515427558783,0.4288828446600011,198,14,0.8612728119550775
2024-08-14 00:00:00+00:00,0.02936481499601884,0.04810067847585242,2.859837697173018,5.335416976706482,23.423163237628817,10.019067071123143,0.42881895589141134,202,14,0.8770402434565832
2024-08-16 00:00:00+00:00,0.005669908990928674,0.05570186720582471,0.664353332933746,1.205556391669936,2.8513110040064356,1.5369218577500288,0.44360088184856145,212,14,0.8822651762197341
2024-08-18 00:00:00+00:00,-0.0077124047080843194,0.06336307642195371,-0.644496290837278,-1.1097251765266873,-2.8847208123233345,-1.5026552015588588,0.4299863969439958,208,14,0.873813665091218
2024-08-20 00:00:00+00:00,-0.02453786090539356,0.0676027193923997,-2.568604984421542,-4.018265812185711,-7.052392608351878,-4.49360560270631,0.39838922460114606,190,14,0.850605695045901
2024-08-22 00:00:00+00:00,-0.05371920559181065,0.06889182201632338,-8.728551002848828,-9.093574203955445,-11.074863782754385,-9.578454117263142,0.4035654797588064,182,14,0.8346380645872952
2024-08-24 00:00:00+00:00,-0.07402849514663712,0.08382905847221878,-15.813853378079072,-12.660234358416613,-10.322992728322024,-12.905147575286975,0.41755641793818926,198,14,0.8309018674614892
2024-08-26 00:00:00+00:00,-0.07536649008552443,0.07669668002966312,-17.85405848606477,-13.493626183510184,-11.347921241721606,-14.158044391739985,0.4151132194875607,193,14,0.8316349554463336
2024-08-28 00:00:00+00:00,-0.04606785879324338,0.06457088812382472,-10.877945425265231,-10.318214619820132,-10.958351529848564,-10.678174934462191,0.41757904515647865,187,14,0.8358849044183481
2024-08-30 00:00:00+00:00,-0.03833656059571744,0.053699237109584685,-7.748295717759114,-8.098637052754565,-11.901453723355292,-9.134379653436149,0.4290448794796239,196,14,0.8486344745431327
2024-09-01 00:00:00+00:00,-0.026882679455453196,0.049729202028884756,-5.573889185321444,-6.191660450863259,-10.227054976606286,-7.216947428923623,0.46670106486258434,212,14,0.8627760963507678
2024-09-03 00:00:00+00:00,-0.0658693872002114,0.0658693872002114,-11.660331281666187,-10.614811580857186,-12.61234471721071,-11.527727432005943,0.47911125852175057,217,14,0.8883426453502687
2024-09-05 00:00:00+00:00,0.014715226041374763,0.05236128848060151,1.7314273679664336,3.0316651888712913,8.852540796675857,4.387856524941204,0.48780798956476806,235,14,0.8971705524511184
2024-09-07 00:00:00+00:00,0.04887446588018074,0.050876007582345784,5.046383155205803,9.871771411228025,48.54345715711426,20.025660658187228,0.45587969784415205,212,14,0.8953184336455132
2024-09-09 00:00:00+00:00,0.07904562676795357,0.05109583764608383,7.907061253852007,16.508396797109604,50.0,23.975477094999444,0.4649485170616589,215,14,0.8955092673038683
2024-09-11 00:00:00+00:00,0.11039925916592352,0.04981796674752215,10.263773043291778,23.410650584208607,50.0,27.443392146670977,0.44319853509732315,201,14,0.8996397786349897
2024-09-13 00:00:00+00:00,0.10560633080176562,0.04130014703703,9.27716770801013,19.433210667996466,50.0,25.556434579601625,0.41383575023087366,190,14,0.8914276930546841
2024-09-15 00:00:00+00:00,0.09879579441813369,0.0415581328960174,8.486738325440376,16.540891573999122,50.0,24.16237812723176,0.3686862354924236,169,14,0.8926862622110266
2024-09-17 00:00:00+00:00,0.1593532648405731,0.027224819332985928,15.428123450800774,38.65484597421921,50.0,35.09037542492791,0.34346655968613315,146,14,0.8820023471285455
2024-09-19 00:00:00+00:00,0.057589360408130785,0.06676615896319626,5.220391984566949,8.974588158088075,49.50226517655579,20.00663241157205,0.2918505403075965,128,14,0.8737204708381108
2024-09-21 00:00:00+00:00,0.011853846338375273,0.10194268085102665,0.9428124150864605,1.3738445902104344,3.5279902271167645,1.8907786287451411,0.2956337257212855,137,14,0.8610943215170226
2024-09-23 00:00:00+00:00,0.027979993039768836,0.09858699115575176,1.8600203961335033,2.907233118093831,10.684198478397954,4.926158909596969,0.3128634846812239,150,14,0.8559170392602259
2024-09-25 00:00:00+00:00,-0.019856028292672745,0.09849469044624415,-1.1485572034166642,-1.6416412164396756,-4.134144927501504,-2.2414671258513206,0.29801426944554404,143,14,0.8438305749942012
2024-09-27 00:00:00+00:00,-0.04263323985269174,0.10182647521864929,-2.587788028598661,-3.543273676473175,-6.6668972389673895,-4.193715050859085,0.3293908531310997,154,14,0.8401739646527505
2024-09-29 00:00:00+00:00,-0.015927661757727196,0.09904188673367709,-0.8268599508863336,-1.1659068338630965,-3.45341081727941,-1.7504439639949616,0.38194936779917266,184,14,0.8318701146697111
2024-10-01 00:00:00+00:00,-0.03362982162057637,0.09414234182418957,-1.9177306864181938,-2.690535030397674,-6.268243948297863,-3.5320064025738866,0.4231317432223105,202,14,0.8307473781909193
2024-10-03 00:00:00+00:00,-0.022245703012775953,0.06269063549209242,-1.148416392633651,-1.639652757395603,-7.078304153928834,-3.123877266926987,0.44519509824505116,209,14,0.8399930256239448
2024-10-05 00:00:00+00:00,0.006085091773393225,0.06913304065235049,0.6841776719589219,1.1824987886779064,2.4787130301876243,1.4218667261151263,0.4414305546241443,198,14,0.8559441710927539
2024-10-07 00:00:00+00:00,-0.01642416097161903,0.06926815741923986,-1.8487135059580595,-2.6340684193211676,-5.061960574868898,-3.1268295919765543,0.42178738384595554,192,14,0.8744190648829184
2024-10-09 00:00:00+00:00,-0.02043079010858828,0.05349271664456423,-2.2849355073359665,-3.1888991081863747,-7.780276526781255,-4.295123253509717,0.4272965525884141,198,14,0.8867417684196985
2024-10-11 00:00:00+00:00,0.009113184758567927,0.05096582076831757,1.2214965284612722,2.1238770756221905,5.235468086923542,2.7866402148643203,0.431893199173126,195,14,0.896818824478167
2024-10-13 00:00:00+00:00,-0.03901520805621583,0.05500439279105218,-3.636121631439722,-4.459110751784174,-11.738710926654836,-6.3960940681420375,0.42276399003626797,199,14,0.915597776853903
2024-10-15 00:00:00+00:00,0.0058831713775793215,0.04614740174024812,0.6508544607241753,0.9192349516863598,3.5808560551165187,1.6372071354267521,0.4049990294008544,185,14,0.9299327887192891
2024-10-17 00:00:00+00:00,0.0386749781552862,0.0442201304113814,3.752263034877416,5.493178076030907,38.20335713525583,14.783957281452338,0.394972982541237,175,14,0.9370660321859783
2024-10-19 00:00:00+00:00,0.0042515338814346215,0.04607583077639221,0.5334688323239467,0.6988551799358477,2.53837298560724,1.2010946173536952,0.3772755340095853,172,14,0.9427649603263502
2024-10-21 00:00:00+00:00,0.0013683856350557022,0.04211137695550393,0.2518770551763987,0.32562491486999645,0.8618695155142608,0.4643739371551964,0.37137613026265576,173,14,0.9443251413050201
2024-10-23 00:00:00+00:00,0.024396648949985833,0.03612452922535536,2.630594770709528,3.5646297714779553,24.212009227636653,9.478633108095035,0.38225136080855854,175,14,0.9434910609908412
2024-10-25 00:00:00+00:00,0.024708541091176706,0.03287615664152688,2.556251736312614,3.703078010163619,27.058667087844103,10.365706851312463,0.4012996407856348,178,14,0.9408814791635781
2024-10-27 00:00:00+00:00,0.11125471686017119,0.020555478155121043,10.878905010368488,39.195581690384714,50.0,33.941904179264434,0.40312843578754837,160,14,0.9403982227487844
2024-10-29 00:00:00+00:00,0.1544377169422011,0.023454570539712782,9.45332321754409,42.58482352341964,50.0,34.86992637463108,0.38240598981602003,160,14,0.9273851490355892
2024-10-31 00:00:00+00:00,0.1462678522458405,0.06114764976334586,8.217748283545886,22.508431572083833,50.0,26.4686971138973,0.40477451973927076,171,14,0.910297168007294
2024-11-02 00:00:00+00:00,0.1709356392555239,0.061176929789099055,9.142358506692819,23.663737436084578,50.0,27.208202526441674,0.4399068306659828,178,14,0.8897300141568472
2024-11-04 00:00:00+00:00,0.1853217201868509,0.06116547684485052,9.88669670575678,25.408201331767938,50.0,28.129289544434208,0.427886179262605,169,14,0.8665497843266873
2024-11-06 00:00:00+00:00,0.20122401978694615,0.0609615232496421,10.68081116708403,27.57969483689879,50.0,29.236121284884725,0.39531151228585976,157,14,0.8384644197631765
2024-11-08 00:00:00+00:00,0.22570885612919311,0.058103296991324216,12.437361890209012,32.01117431398758,50.0,31.535678292657735,0.3372614525004857,139,14,0.8207713677645794
2024-11-10 00:00:00+00:00,0.27227064744751606,0.05445839776865691,12.655383337132504,39.83922398663316,50.0,34.73230459579301,0.2883932614234221,122,14,0.7991441826457949
2024-11-12 00:00:00+00:00,0.11694583273829862,0.05831023641858468,6.24682763209193,13.782592796905023,50.0,22.387085408389588,0.2617716802424462,117,14,0.7847246119782147
2024-11-14 00:00:00+00:00,0.11332835156683574,0.06048164703265613,6.730067576593671,16.116603569945244,50.0,23.465661700956197,0.2635796165188041,114,14,0.7768129412754212
2024-11-16 00:00:00+00:00,0.14025946283092372,0.05922620119270028,8.43585808536843,24.558438190820564,50.0,27.354132701938756,0.25831170732945874,113,14,0.7633260202964849
2024-11-18 00:00:00+00:00,0.1951478394685171,0.05588968916025672,11.643638496306355,35.441828727633606,50.0,32.66982303994535,0.2750558436671862,119,14,0.7592883910136519
2024-11-20 00:00:00+00:00,0.20879753750773955,0.05967421071795598,10.014798876219059,31.594930650167537,50.0,30.642411922932734,0.32122256716160985,143,14,0.7630642521450484
2024-11-22 00:00:00+00:00,0.1502310818292476,0.06065493963222435,7.4016805138495405,19.811548443848707,50.0,25.145123531694345,0.32833722146974004,144,14,0.7484825958043414
2024-11-24 00:00:00+00:00,0.08649174625285183,0.058510281433712286,4.954868504432144,11.412312485216333,50.0,21.051385545416178,0.34266661745685784,164,14,0.7314741780610001
2024-11-26 00:00:00+00:00,0.07367423259009298,0.08338880222618006,3.8215291588730578,6.834054745334173,50.0,18.880080645795587,0.34419418933584994,160,14,0.7256686706730451
2024-11-28 00:00:00+00:00,0.08328982639902693,0.10098895740069946,4.337081913197004,8.020430973476435,50.0,19.509296963349676,0.3550366699736972,165,14,0.7271847464981503
2024-11-30 00:00:00+00:00,0.08014427205415608,0.1040769258852815,4.193196169875156,7.391295610975628,50.0,19.214477095352798,0.329005058311122,153,14,0.7343598025983427
2024-12-02 00:00:00+00:00,0.018676821842660507,0.10148929524952743,1.305318784163256,2.0339809149698076,6.109241317493969,3.03796039648509,0.34194218853300434,162,14,0.7441168958433015
2024-12-04 00:00:00+00:00,-0.018279006591203517,0.09279613250657137,-1.036617657541148,-1.4403153859028262,-4.11456815071908,-2.1214818968391986,0.3308565015889259,165,14,0.7551701211068942
2024-12-06 00:00:00+00:00,-0.02358396357723247,0.07791103523270437,-1.597893287476442,-2.090655351682243,-5.945962406809152,-3.0994188489585754,0.36359211147055176,185,14,0.7772543332689139
2024-12-08 00:00:00+00:00,-0.02305901297734181,0.07063486896337956,-1.9722311439995661,-2.514801599626492,-6.451229343156853,-3.5329587859975224,0.36411700546879977,184,14,0.7916047672355382
2024-12-10 00:00:00+00:00,0.027269582502972955,0.06660744090075543,2.9656189919601608,5.60796314129703,15.263255398556314,7.711847573673754,0.37049075697171224,182,14,0.7979031952283558
2024-12-12 00:00:00+00:00,0.02244177696516836,0.061224467406046035,2.5662992138129157,5.640114303428633,12.79841927279723,6.865461267354497,0.3788173427552919,182,14,0.7972084530493214
2024-12-14 00:00:00+00:00,-0.040445850091755164,0.06068332820068345,-4.645215586962487,-6.175587316449198,-10.862609882243332,-7.122582567341425,0.37873176194231073,190,14,0.8002527392914061
2024-12-16 00:00:00+00:00,-0.03647964480304766,0.06085407149460642,-4.019177010704051,-5.459495259103771,-10.1962559132829,-6.448427980837594,0.3729148389348027,181,14,0.799445858066853
